iter	Logloss
0	0.633082712
1	0.5842889356
2	0.5433419558
3	0.5093507177
4	0.4798508016
5	0.4535872449
6	0.4313123834
7	0.4124212687
8	0.3948724152
9	0.3808924484
10	0.3680437908
11	0.3567245067
12	0.3466362484
13	0.3381361087
14	0.3310982273
15	0.323488116
16	0.3170676444
17	0.3108792463
18	0.3060182173
19	0.3019381276
20	0.2968542747
21	0.2919046899
22	0.2883772061
23	0.2856676189
24	0.2823240818
25	0.2792487281
26	0.2767281316
27	0.2744927931
28	0.2722722294
29	0.2710193845
